filename,object_id,clase_real,contour_index,area,perimeter,area_norm,perimeter_norm,aspect_ratio,extent,solidity,circularity,num_holes,hole_area_ratio,num_vertices_rdp,vertices_perimeter_ratio,hu1,hu2,hu3,hu4,hu5,hu6
arandela01.png,0,arandela,1,46524.0,845.9209154844284,0.1774749755859375,1.6521892880555242,1.003420862865938,0.7750899640143942,0.9927449641515875,0.8170100239217308,1,0.1676016679563236,15,0.017732154064792265,0.7981461026161784,5.751942718665873,7.141140998872942,11.079569901986071,11.999999997720304,11.996064637245587
arandela02.png,0,arandela,0,47584.0,821.4356348514557,0.1815185546875,1.6043664743192494,1.0039872826876957,0.7768055374167429,0.9942227933264383,0.8861836490062459,1,0.16779799932750505,16,0.019478093378421987,0.7981617485162017,6.17402078402432,7.980355956769935,11.94536167503254,-11.999999999998948,-11.99999018451677
arandela03.png,0,arandela,0,48001.0,829.0924890041351,0.18310928344726562,1.6193212675862014,1.0040485829959513,0.777318953232284,0.9939432842929172,0.8775142699220367,1,0.1665902793691798,14,0.016885932734496373,0.7981374433251316,5.5875757552043135,6.608136217563189,11.09359677318177,11.999999997904883,11.999415413916928
arandela04.png,0,arandela,0,47558.5,822.3645665645599,0.18142127990722656,1.6061807940714061,1.0040816326530613,0.782701359402258,0.9942301058859192,0.8837089094084181,1,0.16798258986301082,14,0.01702407979284079,0.7981578221793639,6.736494460738676,6.57017980077657,11.652506524612159,11.999999999722373,11.999974628820734
arandela05.png,0,arandela,0,44292.5,788.5655761957169,0.1689624786376953,1.5401671410072595,1.000000064223774,0.7754289215686274,0.9945548445043224,0.8950853080874042,1,0.34486651238923066,15,0.019021880301147077,0.7981701788599714,7.122631877195415,8.077419052863277,11.964676253813803,-11.999999999999515,-11.999995661367956
arandela06.png,0,arandela,0,42356.5,771.2518688440323,0.1615772247314453,1.5063513063360006,1.0,0.780204092910166,0.9945641964872735,0.8948236863967699,1,0.34477589035921286,16,0.020745492680596184,0.798163160038296,6.242590701472096,8.205273654418818,11.952504166048584,-11.99999999999913,-11.999966781213773
arandela07.png,0,arandela,0,43786.0,785.4945095777512,0.16703033447265625,1.5341689640190452,1.0042372881355932,0.7762649363542885,0.9946390441143065,0.8917822608615339,1,0.34459644635271547,15,0.01909625060022809,0.7981673949565818,6.286107319955566,8.31529698878484,11.99321307365981,-11.99999999999998,-11.999997800124213
arandela08.png,0,arandela,0,44694.0,791.151364326477,0.17049407958984375,1.5452175084501505,1.004201680672269,0.77918410041841,0.9948580968280467,0.8973046657516714,1,0.34457645321519664,16,0.020223690081886063,0.7981652497150741,6.123120585528358,8.803520824463519,11.979528143855278,-11.999999999999853,-11.99998855261645
arandela09.png,0,arandela,0,48730.5,833.879284620285,0.18589210510253906,1.6286704777739942,1.0040322580645162,0.7828192771084337,0.9928688583042145,0.8806520719392201,1,0.16453760991576116,14,0.01678900082806954,0.7981427718300733,5.979169142640149,7.192003164296978,11.99891940341119,11.999999999999988,-11.99999956045385
arandela10.png,0,arandela,0,48365.0,829.6366441249847,0.18449783325195312,1.6203840705566108,1.0,0.780068063418332,0.9929988091816203,0.8830091500588266,1,0.164943657603639,14,0.01687485732355248,0.7981525137943194,6.573468784757914,8.910094242464222,11.888154810069452,-11.999999999998078,11.999961313023766
arandela11.png,0,arandela,0,47837.0,820.1219272613525,0.18248367309570312,1.6018006391823292,1.008130081300813,0.77779945693706,0.9936232967763377,0.8937518479171871,1,0.16474695319522545,15,0.018289963359582107,0.7981493855311259,6.059973560491156,7.083189276521543,11.708211018821993,-11.999999999983615,11.999840584756816
arandela12.png,0,arandela,0,49502.0,836.6072069406509,0.18883514404296875,1.6339984510559589,1.0000000607864452,0.7764288851245373,0.9932581564268229,0.8887700411416687,1,0.16454890711486406,13,0.01553895291858539,0.7981399156317733,5.745227539021929,7.225277224062899,11.524759430623027,-11.999999999994435,11.999739228383232
arandela13.png,0,arandela,0,69445.0,987.3178832530975,0.2649116516113281,1.9283552407287061,1.0033670033670035,0.7793876680658122,0.9956129661223495,0.8952345596961279,1,0.14706602347181222,14,0.014179830262844657,0.7981662826064766,6.100690241744815,8.42932883802331,11.99936986170376,11.999999999999998,-11.999999443333383
arandela14.png,0,arandela,1,69824.5,991.5605248212814,0.2663593292236328,1.9366416500415653,1.0033557046979866,0.778422519509476,0.9951967959635982,0.8924404389896113,1,0.14709020472756698,15,0.015127669592033825,0.7981711264397073,7.252680597102967,7.795180961027296,11.964051045838952,11.999999999999252,-11.999992132415372
arandela15.png,0,arandela,0,69631.0,990.974739074707,0.2656211853027344,1.9354975372552872,1.0067340067340067,0.7788702460850112,0.9951835124628402,0.8910197453189861,1,0.14813086125432637,15,0.01513661187166668,0.7981637600014062,5.973021900230133,8.9375481594058,11.971641955602216,-11.999999999999856,-11.999995789632617
arandela16.png,0,arandela,0,65444.0,958.8326023817062,0.2496490478515625,1.87271992652677,1.00245093009465,0.7781688466111771,0.995444416558291,0.8945283619179116,1,0.14789743903184402,15,0.015644023745897385,0.7981706493337697,6.513173403807055,8.01269017668912,11.99373578181874,11.999999999999961,11.999996611520586
arandela17.png,0,arandela,0,108328.5,1232.011316537857,0.4132404327392578,2.406272102613002,1.0095602813562918,0.7786247196825944,0.9963806773238167,0.8968569946632825,1,0.343219928273723,16,0.012986893695881368,0.7981631592724218,5.805914947293253,8.814366998148325,11.995675727743638,-11.999999999999988,-11.999997715004742
arandela18.png,0,arandela,0,107816.5,1229.1828886270523,0.4112873077392578,2.4007478293497115,1.0057361853179336,0.7791110243958839,0.9963727601216165,0.896730789729491,1,0.3431385734094503,15,0.012203228778066049,0.7981690997123161,6.086005952731467,8.41064255504003,11.985007305252395,11.999999999999886,11.999988173070175
arandela19.png,0,arandela,0,108343.0,1232.9402499198914,0.4132957458496094,2.408086425624788,1.008108108108108,0.7808279400954207,0.9963445082558936,0.8956259323790169,1,0.34338628245479635,16,0.01297710898889024,0.7981476927746913,5.492384121584542,7.5026233723681655,11.73415302696961,11.999999999941775,11.999390205105197
arandela20.png,0,arandela,0,111490.0,1254.253957271576,0.42530059814453125,2.4497147602960467,1.0106666666666666,0.7803051511758119,0.9963360142984807,0.8905838588466473,1,0.3426047179119204,15,0.01195930051728124,0.7981480113040552,5.499442322363703,7.373280031046711,11.61817053286916,11.999999999873532,11.999028748323402
arandela21.png,0,arandela,0,7289.0,321.22034311294556,0.027805328369140625,0.6273834826424718,1.0104166666666667,0.7667788764990532,0.9892779587404995,0.8877112647002156,1,0.17265742900260667,14,0.043583790068605355,0.7981151951545643,5.681218972270749,6.558065197266947,11.344279539909147,11.999999998909248,11.997992201860868
arandela22.png,0,arandela,0,7073.5,314.14927661418915,0.026983261108398438,0.6135728058870882,1.0106382978723405,0.7756030701754386,0.9903395169758488,0.9006832657988924,1,0.17445394783346294,14,0.04456480101080603,0.7981275609652315,6.156263057825661,7.596286481993308,11.556796906704449,11.999999999979368,-11.999536071404236
arandela23.png,0,arandela,0,7166.5,317.80612993240356,0.027338027954101562,0.6207150975242257,1.0074074962106545,0.7616643639068976,0.9893697798025817,0.8916459263159638,1,0.17100397683667062,14,0.044052013732327186,0.7981188434299185,5.853004730209671,6.659560030874326,11.197881660501652,11.999999999087583,11.999030131065153
arandela24.png,0,arandela,0,7092.5,317.46298456192017,0.027055740356445312,0.6200448917225003,1.0074626955805257,0.7616516323024055,0.9885017421602788,0.8843476350699054,1,0.174550581600282,14,0.04409962950269355,0.7981301687411807,6.2506368822400376,7.991849476786203,11.923522370382239,-11.999999999997986,-11.999938182258848
arandela25.png,0,arandela,0,117646.5,1285.8103058338165,0.44878578186035156,2.511348253581673,1.0,0.7814758475927304,0.9959070515533734,0.8942008343148965,1,0.06545031088897672,15,0.011665795438054813,0.7981574961691347,5.750464236010177,7.178729539528211,11.69529946240519,11.999999999962569,11.999959064304702
arandela26.png,0,arandela,0,116332.5,1279.124012351036,0.4437732696533203,2.4982890866231173,1.0036830862417148,0.7807812342696063,0.9960272782146725,0.893481617286927,1,0.0655405841016053,15,0.011726775398758974,0.7981679269468642,6.112888915725152,8.330558206859296,11.993834984815017,11.999999999999975,-11.999996666639978
arandela27.png,0,arandela,0,119429.0,1296.881373167038,0.4555854797363281,2.532971431966871,1.0008395651057445,0.7791964611931729,0.995714631116447,0.8923169746115479,1,0.06412177946729856,16,0.012337288769077883,0.798172656912312,6.815577735535689,7.7538212718257995,11.988729229420256,11.999999999999815,11.999995748921298
arandela28.png,0,arandela,0,115527.0,1277.5676654577255,0.4407005310058594,2.49524934659712,1.0026109660574412,0.7814326298701298,0.9959138283290662,0.8894581866316553,1,0.06411488223532161,16,0.012523798490366096,0.7981729462648534,6.922397816179567,8.623248634510222,11.996276679554452,11.999999999999986,-11.999999239900177
arandela29.png,0,arandela,0,27630.0,626.440687417984,0.10540008544921875,1.22351696761325,1.0029672912301002,0.7694664141695444,0.9930454471939189,0.8847709075681787,1,0.24536735432500906,16,0.02554112515575512,0.7980820725446388,5.132817653834104,6.837273578830041,10.58082212056105,11.999999980827157,11.972256089169225
arandela30.png,0,arandela,0,28586.5,634.8843381404877,0.10904884338378906,1.24000847293064,1.0105820105820107,0.7836211622807018,0.9937427215684911,0.8912132245174862,1,0.24576286009130183,14,0.022051260613869594,0.798029878689292,4.911319429195921,7.126756110054707,11.009721548207619,-11.999999999185345,-11.997609328010745
arandela31.png,0,arandela,0,29085.5,640.5411899089813,0.11095237731933594,1.2510570115409791,1.0085128828011192,0.7768563034188034,0.9935608389697342,0.8908247478691089,1,0.24618796307438415,15,0.023417697778547932,0.7980852171545338,5.153945274232965,7.483033876154196,11.554223618737993,11.999999999927724,11.999454287027351
arandela32.png,0,arandela,0,30266.5,651.5117543935776,0.11545753479003906,1.2724838952999562,1.0036231923717263,0.7721045918367347,0.9940716655171281,0.8960403257247969,1,0.24733616374539508,16,0.024558267586273535,0.7980795049146557,5.039986912851201,7.734309944512303,11.559834142210814,11.99999999994797,11.999702781502796
arandela33.png,0,arandela,0,44184.5,790.2224313020706,0.1685504913330078,1.5434031861368567,1.005671092379609,0.7767747266270525,0.9947095307241189,0.8891624257003593,1,0.17645328112799738,16,0.02024746370921966,0.7981578840995878,5.989925333578846,7.110817765297147,11.494529232632702,-11.999999999992571,11.999995862765788
arandela34.png,0,arandela,0,43781.0,785.9797896146774,0.16701126098632812,1.5351167765911669,1.0007256680388006,0.7762038153322459,0.9946158389749647,0.8905796830447934,1,0.17763413352824284,15,0.01908446018358013,0.7981535394746311,5.749719236935916,7.269983756988924,11.703022606122238,11.999999999950422,11.999669665681456
arandela35.png,0,arandela,0,45657.5,805.0508571863174,0.17416954040527344,1.5723649554420263,1.0029324279103298,0.7764088698432132,0.9943484983775073,0.8852692074082796,1,0.17458248918578548,16,0.01987452079228956,0.798162279193845,6.14315361276559,7.077243696145295,11.736223938203416,-11.99999999991048,-11.999715549748952
arandela36.png,0,arandela,0,45107.0,796.8082172870636,0.17206954956054688,1.556266049388796,1.003036472823998,0.7766356749311295,0.9946197437763225,0.8927835907182823,1,0.17660230119493647,16,0.02008011420172858,0.7981655942027372,6.582160775706054,7.048982381451227,11.78009786469604,-11.999999999937463,-11.999866440298012
arandela37.png,0,arandela,0,15552.0,468.75944685935974,0.059326171875,0.915545794647187,1.0142857142857142,0.7713137925903883,0.9918999936220422,0.8893977887871648,1,0.13895318930041153,15,0.03199935510739776,0.7980957897367349,5.274668615144146,6.2157593527195605,10.444397645899292,-11.99999997418578,-11.98091725797452
arandela38.png,0,arandela,0,15313.0,465.1025924682617,0.058414459228515625,0.9084035009145737,1.0,0.7702328856697349,0.9917424953855122,0.8895546331915318,1,0.14024031868347156,16,0.034401012290835226,0.7981388000907977,5.879415669624873,6.550744107253972,11.357046385579507,-11.999999998831534,-11.998590500434648
arandela39.png,0,arandela,0,15680.0,469.1025941371918,0.059814453125,0.9162160041742027,1.0,0.777623487403293,0.9926877908265013,0.8954065215355287,1,0.1391581632653061,16,0.034107677510136956,0.7981226819310865,5.678426541821867,6.154525903149822,10.709425449606181,-11.99999999715183,-11.998216462058112
arandela40.png,0,arandela,0,15440.5,464.5168069601059,0.05890083312988281,0.9072593885939568,1.0,0.7766460439615713,0.9926709312417629,0.8992249731758772,1,0.13785175350539167,15,0.03229161953937276,0.7981261094334777,5.485939071961958,7.063704160930109,11.55149314773467,-11.999999999690273,-11.99858378983659
clavo01.png,0,clavo,7,10571.0,1234.6458694934845,0.040325164794921875,2.411417713854462,9.568209597205724,0.07954819095779905,0.5603795589482612,0.08714472850537953,0,0.0,6,0.004859693089534662,-0.3237073244937395,-0.6437544926677138,1.7224789599401256,1.800180207065171,3.561517636135386,1.4787554375643925
clavo02.png,0,clavo,0,11470.0,1164.5281159877777,0.04375457763671875,2.2744689765386283,9.603254934273723,0.08390022675736962,0.5953184200965381,0.1062853299271184,0,0.0,6,0.005152301535382571,-0.28720184498413326,-0.5705387773565946,1.4424503384287943,1.4942685355879326,2.962655536611789,1.2131204417873258
clavo03.png,0,clavo,0,11099.5,1161.1971725225449,0.04234123229980469,2.2679632275830954,9.492129081483505,0.07830335097001764,0.5880374029827025,0.10344305549276517,0,0.0,6,0.005167081131420434,-0.29754157249036445,-0.5914448788020878,2.0022983704964163,2.131869870711454,4.199636185622024,1.8582264318402215
clavo04.png,0,clavo,0,11529.5,1178.687497973442,0.04398155212402344,2.302124019479379,9.762945025537073,0.08646498128885656,0.5986707168263364,0.10428527325674884,0,0.0,5,0.004242006476353293,-0.2849586493923106,-0.5661665256756421,2.1604085023636572,2.243794851555279,4.445991325652311,1.9663236406591005
clavo05.png,0,clavo,0,3092.5,563.7371481657028,0.011796951293945312,1.1010491175111383,7.280105054611269,0.09734638630067993,0.5510022271714922,0.12228305045596145,0,0.0,7,0.012417134515219929,-0.2288686145841032,-0.45194225020986806,3.5937315976221167,4.769138689658106,-9.484436124513872,-4.573724658503305
clavo06.png,0,clavo,0,2962.5,546.0214245319366,0.011301040649414062,1.0664480947889388,9.048963277188534,0.09215192235908921,0.6238812256502053,0.1248673386963584,0,0.0,8,0.014651439743152573,-0.22478222307818682,-0.44447476679267284,3.880528106342217,4.5048290473516825,8.701299491976865,4.288920941466212
clavo07.png,0,clavo,0,3010.0,551.4356346130371,0.01148223876953125,1.077022723853588,9.056100454960584,0.09269524513426952,0.617816091954023,0.12439035427092715,0,0.0,8,0.014507586194740385,-0.22966110245524046,-0.45421523557573684,3.365690877140662,3.905351243368248,7.594105752965962,3.8073494607382967
clavo08.png,0,clavo,0,3107.5,557.879282951355,0.011854171752929688,1.0896079745143652,7.9229141768675255,0.09623126470952557,0.5993249758919962,0.12547018353827755,0,0.0,5,0.008962512415855352,-0.22515204907774242,-0.44472973650918146,3.2291030231664157,3.6752949453292496,7.127641910007207,3.453505771650207
clavo09.png,0,clavo,0,15076.5,1131.7413222789764,0.05751228332519531,2.210432270076126,10.125732446722521,0.10982298951048951,0.7645671687205233,0.1479163050757605,0,0.0,7,0.006185158977763725,-0.14659793144581773,-0.2865901734122279,2.278233979951981,2.3450940312371253,4.656781972276381,2.203226395919552
clavo10.png,0,clavo,0,14941.5,1140.0844705104828,0.05699729919433594,2.2267274814657867,9.711113921364271,0.1076725181598063,0.7443580929606934,0.14445414333718565,0,0.0,6,0.005262767939741735,-0.15359730072564093,-0.3007357185519976,2.1876577542145026,2.2472967669586867,4.464777866783179,2.0971143204084592
clavo11.png,0,clavo,0,14726.5,1138.7707574367523,0.05617713928222656,2.224161635618657,9.440462402632939,0.10748250166042639,0.7227907433311247,0.14270421242723894,0,0.0,6,0.005268839194207392,-0.15648857803286728,-0.3066525382328875,1.9967664174606905,2.0436375531997264,4.0638396198776015,1.8903117571986636
clavo12.png,0,clavo,0,14494.5,1121.5403207540512,0.05529212951660156,2.1905084389727563,10.283753930225004,0.10466552092660523,0.758556625497174,0.14480492045046994,0,0.0,5,0.004458154475122502,-0.15455328108710942,-0.3028160995263645,2.240051445878489,2.304975728975734,4.577527722001094,2.157236334132129
clavo13.png,0,clavo,0,14596.0,1141.1311502456665,0.0556793212890625,2.2287717778235674,8.91862486060465,0.11590750269995553,0.7288160982673391,0.14085510677506363,0,0.0,7,0.006134264232899976,-0.132693961229577,-0.25818605075670037,1.892060763114325,1.9460472379115792,3.8651034551222727,1.8172940533197928
clavo14.png,0,clavo,0,14475.0,1143.356557250023,0.055217742919921875,2.233118275878951,9.344009401399859,0.10691494076284457,0.7356678186623298,0.1391441854496406,0,0.0,5,0.004373089014354275,-0.14045459395103876,-0.27401152423128955,1.8933924891599063,1.9439963455506224,3.8626912951365084,1.8070872138517515
clavo15.png,0,clavo,1,14331.0,1149.699697136879,0.054668426513671875,2.2455072209704667,9.364225701017531,0.10657871251784864,0.7378175920920534,0.13624404407080334,0,0.0,7,0.0060885464416771135,-0.1462169795883744,-0.28559326593972717,1.9351519228389926,1.9898738047490878,3.952386664777647,1.8471067233175165
clavo16.png,0,clavo,0,14739.0,1150.1017121076584,0.056224822998046875,2.2462924064602703,9.246883303738015,0.11366721164820927,0.7331376840429765,0.14002493603348543,0,0.0,7,0.006086418206587929,-0.13923000054730564,-0.2714818895614114,2.343272015484702,2.421296628200452,4.803584540178662,2.285677064844407
clavo17.png,0,clavo,0,15411.5,1186.9128886461258,0.05879020690917969,2.3181892356369644,8.121029525674595,0.10886826173875573,0.6469711599009278,0.1374728964218541,0,0.0,8,0.006740174511985752,-0.1764219977029895,-0.346271760617458,2.206532729815658,2.3184836711722507,4.581025900706456,2.1461525997796818
clavo18.png,0,clavo,0,15238.0,1199.1900287866592,0.05812835693359375,2.342168024973944,7.984374647590837,0.11613621120663374,0.6496972797817003,0.1331563297009606,0,0.0,8,0.006671169546076365,-0.17650904215881127,-0.34642110297711115,2.1694756973284783,2.2804228813418277,4.505380829644753,2.107471081563512
clavo19.png,0,clavo,0,15212.5,1166.4520050287247,0.05803108215332031,2.278226572321728,8.000968568400786,0.10403060910477259,0.6519177201628455,0.14050012393405312,0,0.0,8,0.006858404774059259,-0.17366924395638966,-0.3406510788965476,2.1567893237453304,2.268429187184098,4.481049138533823,2.0984007985108817
clavo20.png,0,clavo,0,15459.5,1163.363706946373,0.05897331237792969,2.2721947401296347,8.065217936902922,0.10219670527262151,0.6532091097308489,0.14354044403025548,0,0.0,8,0.006876611288655897,-0.17669225495891536,-0.34676183736923527,2.1230043417226003,2.232272197638256,4.4099261832139405,2.059356346952868
clavo21.png,0,clavo,0,8376.5,1088.9230029582977,0.03195381164550781,2.1268027401529253,10.007498450241776,0.08121091667070629,0.5667072593193965,0.08877243089734334,0,0.0,5,0.004591692880411568,-0.3349866304607393,-0.6669438015170805,1.8995431557232492,1.9526381369529127,3.878729458381311,1.6192162217149342
clavo22.png,0,clavo,0,8443.0,1083.4154297113419,0.032207489013671875,2.1160457611549646,10.457212559806267,0.06946398453247768,0.582456624469663,0.0903892162043885,0,0.0,5,0.004615034882170884,-0.3432088037689131,-0.6834606385118493,1.9053344615613779,1.9594950127749007,3.891911808238446,1.6180156783404598
clavo23.png,0,clavo,0,8408.0,1095.9940693378448,0.032073974609375,2.140613416675478,9.89414097910037,0.08151631198797808,0.5660999831678168,0.0879601900123832,0,0.0,4,0.0036496547854648863,-0.3342898524621114,-0.6654826258032107,2.160487221577598,2.2465260318248874,4.450089657333623,1.9168065557947656
clavo24.png,0,clavo,0,8550.0,1095.8763180971146,0.03261566162109375,2.140383433783427,10.460617791011424,0.07449422343039365,0.5807240372206751,0.0894649440988226,0,0.0,4,0.0036500469386414164,-0.34023128800509983,-0.6775930877839988,2.0392315858963905,2.0895334631195994,4.153918872884175,1.7511567622091508
clavo25.png,0,clavo,0,10349.5,1115.5403167009354,0.03948020935058594,2.1787896810565144,10.358770488060816,0.07739448416140708,0.611365448799362,0.10451020303346298,0,0.0,6,0.0053785595286633976,-0.30949497361314166,-0.6156062323462753,2.2384300796955725,2.333587197152499,4.619729255447453,2.032336443273238
clavo26.png,0,clavo,0,10467.5,1124.854026556015,0.03993034362792969,2.196980520617217,10.690979742252587,0.0755372580714997,0.6182994181753744,0.10395861837837524,0,0.0,5,0.004445021204492272,-0.3229152758520679,-0.6425594984959356,1.7761744439321314,1.82448087502385,3.62481067566171,1.5036538921867344
clavo27.png,0,clavo,0,10491.0,1132.101711988449,0.040019989013671875,2.2111361562274396,10.642884889625934,0.08200898964236858,0.6235178746545422,0.10286221138240892,0,0.0,5,0.004416564295462363,-0.31258037754517976,-0.6217494756377004,2.030755463917368,2.108283306006081,4.177868171936051,1.8015349721340508
clavo28.png,0,clavo,0,10498.0,1120.0672370195389,0.04004669189453125,2.187631322303787,10.530221156376081,0.07574314574314574,0.615862959051977,0.10515459247755625,0,0.0,7,0.006249624815941196,-0.3179856310812867,-0.6326924160263406,2.072516453975455,2.142630894234443,4.250241205245534,1.829192222121301
clavo29.png,0,clavo,0,3851.0,625.6021567583084,0.014690399169921875,1.2218792124185711,12.108030436397295,0.08744720468686135,0.7329653597259231,0.12364794648004328,0,0.0,5,0.007992299812245807,-0.24664337192256386,-0.489009244515617,2.825750708149047,3.2722667037243367,6.367363175793742,3.2201279239941214
clavo30.png,0,clavo,0,3638.5,644.3645652532578,0.013879776000976562,1.258524541510269,13.072240460939415,0.09325900294758427,0.7078793774319067,0.11012069501033844,0,0.0,4,0.006207665994836107,-0.28237665619866764,-0.5611261937736955,2.7256924393406337,2.9522286013543013,5.7955359572760115,2.7250128601641523
clavo31.png,0,clavo,0,4054.5,646.6589418649673,0.015466690063476562,1.2630057458300143,11.268699353305658,0.15571472463322836,0.7219551282051282,0.1218418807675302,0,0.0,5,0.007732051126641777,-0.21827620564001432,-0.43161597635028826,2.603765927333058,2.9451461861465065,5.737467413458013,2.8415032095557002
clavo32.png,0,clavo,0,3567.0,640.2051825523376,0.013607025146484375,1.2504007471725345,12.736574921060834,0.08479935336629897,0.7023036030714708,0.10936405443006232,0,0.0,6,0.009371995359486943,-0.28947249120878654,-0.5753676900782343,2.242869868292077,2.215343667376365,4.444456242208031,1.929699833075369
clavo33.png,0,clavo,0,4661.0,703.6854168176651,0.017780303955078125,1.3743855797220021,9.352889401440295,0.08501595987232102,0.6222963951935915,0.11828559678501407,0,0.0,6,0.008526537365424308,-0.25501409546922427,-0.5057085257805796,2.383662198592364,2.486993917652181,4.922407645559785,2.2380007045559056
clavo34.png,0,clavo,0,4509.5,715.2173757553101,0.017202377319335938,1.39690893702209,9.691658951844794,0.08771981014628073,0.6294667783361251,0.11078019917199398,0,0.0,6,0.00838905793314048,-0.26364258348854375,-0.5231933885165809,2.198137152908586,2.2854353803544405,4.52732069232297,2.0293216005978145
clavo35.png,0,clavo,0,4667.5,727.3595105409622,0.017805099487304688,1.4206240440253168,9.462146388729932,0.08722994692382448,0.6184986417544557,0.11086537926818331,0,0.0,6,0.00824901566975813,-0.2655058952467558,-0.5268422215831357,2.0445458164868113,2.143719027668749,4.238074229130378,1.8902267482788793
clavo36.png,0,clavo,0,4735.5,728.5310833454132,0.018064498901367188,1.4229122721590102,9.093694657027465,0.08936254528985507,0.609224237746044,0.11211908192867089,0,0.0,6,0.008235750178905219,-0.25591331078606255,-0.5075132340090891,2.0265104777443073,2.098032497229991,4.160332340607207,1.846551039300241
clavo37.png,0,clavo,2,5366.0,631.5188953876495,0.02046966552734375,1.233435342554003,5.496943825508292,0.14595800239364595,0.6672884412112168,0.1690782848067374,0,0.0,11,0.01741832284091483,0.029222669873796785,0.07458995949095232,3.1056497023227645,3.4913977179245834,6.790998965711452,3.5313480491222524
clavo38.png,0,clavo,0,5579.0,601.3767602443695,0.021282196044921875,1.1745639848522842,5.517017731451669,0.15211582506271132,0.6858442436535743,0.19385318606407978,0,0.0,7,0.011639957615182118,0.021301507470984957,0.058719452530896624,2.5541397060514246,2.7664558604847587,5.426931435447894,2.7972889544061394
clavo39.png,0,clavo,0,5473.5,622.9919807910919,0.020879745483398438,1.2167812124826014,5.489042789480648,0.15403557156526143,0.6776230269266481,0.1772189151185685,0,0.0,8,0.012841256784463559,0.019207972665352603,0.054402766937880175,2.7201037103804704,3.03445132615993,5.915557898233565,3.0796097766154618
clavo40.png,0,clavo,0,5440.0,613.2346206903458,0.020751953125,1.1977238685358316,5.426232877155882,0.1510188218311032,0.67518927640561,0.18178390689411594,0,0.0,8,0.01304557787522505,0.028471573590710363,0.07285947704418755,2.8536230430996707,3.1839849902389914,6.210110094325065,3.252683092516665
tornillo009.png,0,tornillo,0,19411.5,1186.6387357711792,0.07404899597167969,2.3176537808030844,4.029989522001655,0.1748153818443804,0.6055591084213318,0.1732335152762432,0,0.0,9,0.007584448180137177,0.05860101818900387,0.1482314556089356,1.3632589469522063,1.5426293390642083,2.9955744272618414,1.6167609664088287
tornillo01.png,0,tornillo,2,15606.5,1428.0012093782425,0.05953407287597656,2.78906486206688,5.694531049165848,0.1093949334791325,0.5296443358447024,0.0961741220061319,0,0.0,7,0.0049019566328293435,-0.13232010474375872,-0.2550639905740288,2.060532587793914,2.2636933614473276,4.427086748686298,2.149532744616175
tornillo02.png,0,tornillo,0,15602.5,1446.6631155014038,0.05951881408691406,2.8255138974636793,5.715871405814833,0.11528202627417948,0.5343047446192832,0.09368482240222188,0,0.0,7,0.004838721555138182,-0.12953379113781754,-0.24963203635994557,2.1540547835781583,2.338075964894403,4.584397801209691,2.217293227030646
tornillo03.png,0,tornillo,0,14483.0,1385.9007056951523,0.055248260498046875,2.7068373158108443,5.876206359721673,0.10083407597192826,0.5084430401965947,0.09475544224077741,0,0.0,7,0.0050508668992190735,-0.16018940646152147,-0.3121204585520718,2.033807102408407,2.2410749937231267,4.3802306564755344,2.1043730190514793
tornillo04.png,0,tornillo,2,15523.0,1490.6458702087402,0.059215545654296875,2.9114177152514458,5.926023648645618,0.1116794727905839,0.531236631816704,0.08778828382105144,0,0.0,7,0.004695951023578636,-0.1309386149287499,-0.2527050303002335,2.303705349782473,2.510854921093385,4.9190459801583355,2.3950940145282953
tornillo05.png,0,tornillo,0,5905.0,743.1513642072678,0.022525787353515625,1.4514675082173198,3.249284712360365,0.15381209137558283,0.5521013510354822,0.13436161249547962,0,0.0,7,0.009419346228970487,0.09323698213984999,0.21924437456201748,1.5944372443664956,1.809322504033696,3.5112422099418974,1.919268480228926
tornillo06.png,0,tornillo,0,5627.0,718.7249566316605,0.021465301513671875,1.4037596809212118,3.553546385707056,0.16308254115464874,0.5492167292957884,0.1368867235308936,0,0.0,8,0.011130822613273915,0.08110292414315551,0.1871236347349846,2.0325844942625997,2.2434348102159847,4.381446838369229,2.33703485797219
tornillo07.png,0,tornillo,2,5382.0,834.6315912008286,0.02053070068359375,1.6301398265641183,3.583482089891836,0.14167258943378347,0.539386650631389,0.09708763444668304,0,0.0,8,0.009585067333109184,0.06086242228376646,0.1439623745071352,1.779339879529955,1.9216045418059884,3.772136682294341,1.9944139772831853
tornillo08.png,0,tornillo,0,5365.5,779.1929919719696,0.020467758178710938,1.5218613124452531,3.6925784123219514,0.15900604551920342,0.5350518548065417,0.11105292133682955,0,0.0,8,0.01026703279216324,0.08901166273377162,0.2015224563212354,2.706344649612278,3.2020916981265497,6.194658145847504,3.401810240432942
tornillo10.png,0,tornillo,0,19256.0,1215.969683766365,0.073455810546875,2.3749407886061817,3.99973396806815,0.18994633838383837,0.6062781398570574,0.1636554401867395,0,0.0,9,0.0074015003171158415,0.06542561309072799,0.16265803601157738,1.431752340316107,1.6264182690314106,3.155503827934726,1.7077538297291093
tornillo11.png,0,tornillo,0,19267.5,1185.751432776451,0.07349967956542969,2.315920767141506,4.007944814112097,0.17442018358589972,0.6043473487759359,0.17220585583589368,0,0.0,9,0.007590123655955779,0.06070451614847215,0.15272345236261453,1.374218993756345,1.5568379512922177,3.0223746742055546,1.6332545547408992
tornillo12.png,0,tornillo,0,19713.5,1233.3250225782394,0.07520103454589844,2.408837934723124,4.017289462956999,0.18210748993090198,0.6065319057288783,0.16286153189229194,0,0.0,10,0.008108162744557971,0.06215687054102508,0.15539276965185067,1.365583230821999,1.5401007681795502,2.992947058001141,1.6178359578087775
tornillo13.png,0,tornillo,0,10694.5,829.8792839050293,0.04079627990722656,1.6208579763770103,3.026682004590919,0.2296632736331229,0.6581838323537558,0.19513739443153538,0,0.0,9,0.010844950795313446,0.25501602980646865,0.5771693836758414,1.8944950797101772,2.247068439471164,4.317959613071161,2.5361379262519907
tornillo14.png,0,tornillo,0,10376.5,828.9087213277817,0.03958320617675781,1.6189623463433236,3.002019399225275,0.2312054367201426,0.6558066045188813,0.1897786427262123,0,0.0,9,0.010857649061266255,0.26004101248719735,0.5832831873860471,2.03270873148973,2.3762985648147956,4.581889963266052,2.6719009920129584
tornillo15.png,0,tornillo,0,10906.0,822.5239462852478,0.04160308837890625,1.6064920825883746,3.05382754015677,0.2738549618320611,0.665405735204393,0.20257145914351013,0,0.0,9,0.010941930676482504,0.25521928414291156,0.5775842275644587,1.8621143784778798,2.198438515099037,4.2287285485576,2.4872962113841806
tornillo16.png,0,tornillo,0,10992.5,835.1097321510315,0.04193305969238281,1.6310736956074834,3.048835652076251,0.23642835634705553,0.6630775726866932,0.198070249470237,0,0.0,9,0.01077702684270997,0.25281397970261343,0.5720593033762902,1.8605666251341317,2.1883118226753315,4.212758174267046,2.4743662449893833
tornillo17.png,0,tornillo,0,25206.0,1456.9646328687668,0.09615325927734375,2.84563404857181,4.044889600032654,0.2044116454464358,0.6569708343107358,0.14921613157912603,0,0.0,12,0.00823630150607841,0.11574969235955966,0.2607910151344419,2.171956444052425,2.420192974441452,4.716711589640546,2.553445339646857
tornillo18.png,0,tornillo,0,25184.0,1362.0529444217682,0.0960693359375,2.660259657073766,4.282542467956143,0.19927045995837983,0.6810443906594372,0.1705872609360675,0,0.0,8,0.005873486807369472,0.12128960979648726,0.27101073579844265,2.391203651432623,2.6758854250493593,5.2122539088683295,2.82420308272149
tornillo19.png,0,tornillo,0,24690.5,1435.2661494016647,0.09418678283691406,2.8032541980501264,4.024735144752937,0.18778616084330935,0.6538018509446702,0.15061730220924124,0,0.0,11,0.007664083769122327,0.11506068811098133,0.2584964374742038,2.4330333801799724,2.74310807597768,5.332575431580531,2.878167472837693
tornillo20.png,0,tornillo,6,25064.5,1479.5504186153412,0.09561347961425781,2.8897469113580883,4.064121877344038,0.19612591746349708,0.6650348908169492,0.14388296247348514,0,0.0,10,0.006758809888586727,0.11713562810062372,0.2632304422060492,2.2626414429996053,2.5222454757262747,4.9155042801861075,2.658070395556365
tornillo21.png,0,tornillo,0,7021.0,635.9554059505463,0.026782989501953125,1.2421004022471607,2.455104572456945,0.22595179094390627,0.6160393085899798,0.21815014714119382,0,0.0,9,0.014151935679433262,0.3031529024668087,0.7107022839588941,1.6660038164256588,2.0822265874487793,3.956558606703594,2.4383407236823573
tornillo22.png,0,tornillo,0,7370.0,637.6122581958771,0.02811431884765625,1.2453364417888224,2.4305793365210704,0.2593244194229416,0.6365245929956385,0.22780541133612928,0,0.0,22,0.034503728115656,0.31808734046829634,0.7470293161505535,1.704156166269533,2.125199916438586,4.039885847118576,2.498717787294899
tornillo23.png,0,tornillo,0,7217.5,645.2274827957153,0.027532577514648438,1.2602099273353815,2.4521040042957747,0.3762249791492911,0.6212877679263149,0.21785671046764166,0,0.0,16,0.02479745582236109,0.313645217538836,0.7312705144299332,1.7829529423333563,2.2277442410420725,4.23311404189399,2.5933883616978597
tornillo24.png,0,tornillo,0,7102.0,651.9554040431976,0.02709197998046875,1.2733503985218704,2.4516577079259867,0.2852437946823038,0.6210213361315146,0.20996879358381265,0,0.0,19,0.029143097644668173,0.30901047090157746,0.7223030861090184,1.740052223915575,2.171035755339178,4.126679662920312,2.5322944920859225
tornillo25.png,0,tornillo,0,22285.5,927.8204097747803,0.08501243591308594,1.8121492378413677,1.7426036736409132,0.4050951593259775,0.7421449622858285,0.32531523545721647,0,0.0,9,0.009700153074003477,0.49901164288473865,1.2481887204203141,2.182625999266907,2.9585131657823203,5.5293112063759535,3.5829971325005827
tornillo26.png,0,tornillo,0,21294.0,878.0630493164062,0.08123016357421875,1.714966893196106,1.7165704254403915,0.3749141680018311,0.7569585155166898,0.34706890905400484,0,0.0,9,0.010249833433950696,0.5031645623166907,1.2619929513377495,2.1945540895951585,3.0087910873112635,5.610516496991394,3.6398148956377687
tornillo27.png,0,tornillo,0,21866.5,901.1929919719696,0.08341407775878906,1.7601425624452531,1.7080705660476998,0.44910554745425046,0.746947001656732,0.3383401416938184,0,0.0,12,0.01331568277483148,0.5069633418434047,1.2750798221880335,2.2119853185309344,3.044388341230354,5.672753109337569,3.6820270989518256
tornillo28.png,0,tornillo,0,21955.0,914.3473196029663,0.08375167846679688,1.7858346085995436,1.7221957453920114,0.37078632709585896,0.7437960531887863,0.3300052987899402,0,0.0,10,0.010936763071982606,0.5010187913376564,1.2563360728244537,2.1819204380844273,2.9584789181812114,5.528693611547031,3.586650583044482
tornillo29.png,0,tornillo,0,11630.0,664.0386670827866,0.04436492919921875,1.2969505216460675,1.5364836236776702,0.4000963258566121,0.7181450492451141,0.3314384127430473,0,0.0,11,0.01656530040385226,0.5594051479527469,1.4390544373300846,2.3382145961986227,3.1123379865976735,5.839165888926673,3.8328604887918685
tornillo30.png,0,tornillo,0,10784.0,631.8721445798874,0.0411376953125,1.2341252823825926,1.5231318404810075,0.5135238095238095,0.7164496412436886,0.3394152274212737,0,0.0,12,0.018991183743316358,0.561256877844501,1.4381236870687524,2.3712725989453083,3.1541084759086266,5.916891084104941,3.873392411202741
tornillo31.png,0,tornillo,0,11236.5,636.1147855520248,0.04286384582519531,1.2424116905312985,1.825303033396424,0.5833809251856082,0.7675729216476536,0.34895541315604833,0,0.0,13,0.02043656317266468,0.530391840667957,1.328864805588874,2.3048742912679376,3.0352955582800316,5.7070763758013845,3.7011106148818085
tornillo32.png,0,tornillo,0,11875.0,686.5239479541779,0.045299530029296875,1.3408670858480036,1.629002851728099,0.4015215553677092,0.7222137752774821,0.31661544727541113,0,0.0,11,0.01602274768823388,0.5461557647204105,1.388472690792761,2.311692109362456,3.052295321092298,5.736564306792969,3.748456911059947
tornillo33.png,0,tornillo,0,8885.5,788.4234408140182,0.03389549255371094,1.5398895328398794,4.067687463970556,0.18206499467256781,0.6285502069111873,0.17962743954639068,0,0.0,7,0.008878477779367844,0.10028950636064973,0.22733852524090256,2.904696249446949,3.4616855871641268,6.6534470571106255,3.5908359937421768
tornillo34.png,0,tornillo,1,9160.0,780.6660807132721,0.034942626953125,1.5247384388931096,3.421086384378167,0.4209558823529412,0.6050997489760866,0.18887510448751382,0,0.0,9,0.011528616680485156,0.13778204359552365,0.30704029459786564,3.2613441663620772,4.376344845759729,8.22976569446319,4.5573938455883525
tornillo35.png,0,tornillo,0,8824.0,825.2934975624084,0.033660888671875,1.611901362426579,3.674613738688494,0.20236211443641783,0.6039905540915158,0.16280154301531002,0,0.0,8,0.009693521182014454,0.11454884835074995,0.2580980405575463,2.834430398319281,3.4214924880952453,6.559269931326507,3.566460687060675
tornillo36.png,0,tornillo,0,8978.0,857.7543954849243,0.03424835205078125,1.6753015536814928,3.707096279294625,0.1853503447706346,0.5924117452985813,0.15334286055982047,0,0.0,9,0.01049251399628436,0.12378766608544989,0.2768031916305911,3.7704845152226554,4.718698611486196,9.277532738963579,5.12730130993883
tornillo37.png,0,tornillo,0,11046.0,603.9554054737091,0.04213714599609375,1.179600401315838,1.4983319584397046,0.4009146341463415,0.780332732860019,0.38054424432954315,0,0.0,9,0.014901762478540779,0.5723160263911373,1.5289859893860989,2.2665032142617743,3.2490335505416796,6.008812116022435,4.017544459272293
tornillo38.png,0,tornillo,0,11276.5,607.7127643823624,0.04301643371582031,1.1869389929343015,1.508401312165842,0.4370736434108527,0.7870803378236896,0.38369617654268234,0,0.0,14,0.02303719918443484,0.5816074589058633,1.5544252386944135,2.2857858000835174,3.207682190151951,5.96060932127496,3.9944199033343204
tornillo39.png,0,tornillo,0,11321.5,606.8843376636505,0.04318809509277344,1.1853209719993174,1.5180723717029365,0.45039185264749176,0.7900833943961757,0.38627978054355494,0,0.0,12,0.019773125215583796,0.5868821663219623,1.567423221623818,2.3030670317982014,3.1878376146772505,5.938455126235548,3.979480391551592
tornillo40.png,0,tornillo,0,11251.0,599.6711332798004,0.042919158935546875,1.1712326821871102,1.5203703614625073,0.4394235275738166,0.7919056836178074,0.3931648663004531,0,0.0,9,0.015008226176864665,0.5854062982576012,1.5616670340630694,2.3059818892733865,3.2167596171271824,5.984782905587842,4.0075249495148055
tuerca01.png,0,tuerca,0,31599.5,693.9970346689224,0.12054252624511719,1.355462958337739,1.1088082901554404,0.7576000959002637,0.9902229603747865,0.8244699765804411,1,0.3331065364958306,7,0.010086498429117083,0.796272553578333,6.1848740735568155,7.480212168212299,8.834023160396434,11.99999639538674,11.7173940348205
tuerca02.png,0,tuerca,0,31932.5,699.168607711792,0.12181282043457031,1.3655636869370937,1.086734693877551,0.757448171165615,0.9892807906191428,0.8208786188888935,1,0.33386048696469117,6,0.008581620990731455,0.7962779050105108,5.079651334018938,6.915877257027939,8.846714415192087,-11.999993833314289,-11.327124803563605
tuerca03.png,0,tuerca,0,31709.5,695.6538902521133,0.12096214294433594,1.3586990043986589,1.0914429008921043,0.7329981507165974,0.98732738623449,0.8234037144257738,1,0.33068954098929343,7,0.010062475173484785,0.79612969490777,5.441600474882488,6.281516320640906,8.21097793738717,11.999870049083041,10.908992287686063
tuerca04.png,0,tuerca,0,31527.5,693.7960261106491,0.12026786804199219,1.3550703634973615,1.10948909305985,0.721783424908425,0.987703634085213,0.8230681237620587,1,0.3306954246292919,7,0.010089420718134259,0.7962129689263435,5.568325974299461,6.4777597108144045,8.399392499195967,11.999946823593163,11.181419776371927
tuerca05.png,0,tuerca,0,15598.5,490.315797328949,0.05950355529785156,0.9576480416581035,1.1098131781495852,0.7221527777777778,0.9838221381267739,0.8153440937036964,1,0.23505465269096387,7,0.014276513296396518,0.7954893660298187,4.492391310113009,5.055623693420203,8.957849040074533,-11.999954062424568,-11.226816870112911
tuerca06.png,0,tuerca,0,14907.5,473.54624378681183,0.05686759948730469,0.9248950073961169,1.0970149253731343,0.7461211211211212,0.9849035412262156,0.8353911879681879,1,0.2573872211973839,7,0.014782083253417939,0.7953247366417503,5.193773667499674,6.390560758062141,8.589595296601843,11.99997002872037,11.128856957574083
tuerca07.png,0,tuerca,0,15193.5,480.0315248966217,0.05795860290527344,0.9375615720637143,1.1188257154220058,0.7393430656934307,0.9826666235488148,0.8285680356120628,1,0.2431961035969329,8,0.016665572124086765,0.7953076348597563,5.235472559233918,5.9204607571366346,7.878394455434391,11.999295764109851,10.673826202415327
tuerca08.png,0,tuerca,0,15449.5,485.1442254781723,0.05893516540527344,0.9475473153870553,1.1161515476097958,0.7200549962714392,0.9838252618842933,0.824864398682494,1,0.25453898184407264,7,0.014428698997912623,0.795369131113455,5.460465539144545,6.027501389072819,8.40629520216715,11.999919747661627,11.8546248142743
tuerca09.png,0,tuerca,0,32155.0,696.5828211307526,0.12266159057617188,1.360513322521001,1.1246426136011893,0.7449494949494949,0.9892628599556977,0.8327465809343572,1,0.2743585756491992,7,0.010049056318438923,0.7954126547774036,5.390272183268516,6.337359036114279,8.456866038529324,11.999975884479944,-11.514105350661792
tuerca10.png,0,tuerca,0,33240.5,706.4823145866394,0.1268024444580078,1.37984827067703,1.1018374470993189,0.7303999121072292,0.9899782589272419,0.836902417915288,1,0.28122320663046585,8,0.011323708796137063,0.7955755460292382,5.445796394524381,7.073326366994022,8.677357524950237,-11.999987857448412,-11.42770236957536
tuerca11.png,0,tuerca,0,32575.0,702.03866314888,0.12426376342773438,1.3711692639626563,1.1018182653138615,0.7260994583509797,0.9890843947835856,0.8305623250943839,1,0.28756715272448197,8,0.01139538378715113,0.7955148564072763,5.3698812841179935,6.8222074789461615,8.401020063422528,-11.99998528992583,-11.411187698300424
tuerca12.png,0,tuerca,0,32505.5,700.6244548559189,0.12399864196777344,1.3684071383904666,1.1108013631849751,0.7166115520282187,0.987603870752123,0.8321394868503079,1,0.2865053606312778,7,0.009991087167289253,0.7955152593522885,5.345336539359455,7.156530677085645,7.777736929422385,11.999794049473138,-10.443787252129717
tuerca13.png,0,tuerca,2,48502.0,856.264059305191,0.18502044677734375,1.6723907408304513,1.123926427554831,0.735447087901257,0.9915365115708562,0.8312929177422744,1,0.23224815471526947,6,0.0070071842147253665,0.7957368210396826,5.8846043015902865,6.294409972990059,9.011133051812182,-11.99999067217368,-11.792210794770666
tuerca14.png,0,tuerca,0,48114.5,849.820414185524,0.18354225158691406,1.6598054964561015,1.121559413252927,0.7173025030934598,0.992194749757697,0.837204438745433,1,0.24102921156823826,7,0.008237034417099602,0.795590656270373,6.5916223034552,7.419022321384834,9.097244565740517,11.999998165879347,11.967732296920603
tuerca15.png,0,tuerca,0,52704.5,888.3056931495667,0.2010517120361328,1.7349720569327474,1.1131702039001794,0.7287175941928794,0.9929257724189902,0.8393298537204056,1,0.21572161769867848,6,0.0067544315501642995,0.7958450114512313,7.244365299008762,7.1187622229486545,8.831782478988247,11.9999932794255,11.979700634910516
tuerca16.png,0,tuerca,0,51511.5,877.4772651195526,0.1965007781982422,1.7138227834366262,1.1151764089747498,0.7286750976065184,0.9932799845738527,0.8407024530715922,1,0.21845607291575667,6,0.006837783995671415,0.7958563603465645,7.533353026220038,7.343092818193401,9.626975146285979,11.999999667727279,11.994142734463075
tuerca17.png,0,tuerca,0,23696.0,600.0142793655396,0.09039306640625,1.1719028893858194,1.1390034795808877,0.7418678187908957,0.9876213895719584,0.8271070700893739,1,0.2538403106009453,6,0.009999762016238103,0.7954429386970304,5.131904684809968,7.3280178720628735,8.227307501968234,-11.999977934679778,11.130047233984888
tuerca18.png,0,tuerca,0,23698.0,596.2985538244247,0.09040069580078125,1.1646456129383296,1.1339824147828073,0.7154545180086345,0.9904499195452741,0.8375178019830863,1,0.25582327622584183,6,0.010062073707068978,0.7955109878198316,5.332311071058283,6.671771582796471,9.538813584064043,-11.999999280573238,-11.840040977333027
tuerca19.png,0,tuerca,0,22781.0,586.9848456382751,0.08690261840820312,1.1464547766372561,1.133191702256926,0.7149896428347248,0.987066444247059,0.830861948762592,1,0.25352267240244064,7,0.011925350461796581,0.7954326332321241,5.363459074295406,6.429611044921565,8.442625317173162,11.999949511504672,11.361500266622334
tuerca20.png,0,tuerca,0,22860.0,601.4701247215271,0.0872039794921875,1.1747463373467326,1.1252476926248351,0.7218643425539977,0.9872384530673058,0.7940685010269708,1,0.2457567804024497,9,0.014963336714632142,0.79566478943629,5.290629044882856,7.128327414318974,8.502148306519597,11.999980945722982,-11.090611173995466
tuerca21.png,0,tuerca,0,14940.5,472.6589448451996,0.05699348449707031,0.9231620016507804,1.117021296133262,0.7155411877394636,0.9878669664110024,0.8403868219271117,1,0.2538402329239316,8,0.016925523333997366,0.795526302253305,5.2624127837106345,6.902981998089974,8.484497315718643,11.999971429335693,11.062665270318982
tuerca22.png,0,tuerca,0,15010.5,476.6589423418045,0.05726051330566406,0.9309744967613369,1.113135066454597,0.7247597894838491,0.987143232934368,0.8302130063278093,1,0.262482928616635,7,0.014685552662894157,0.7955027638951473,5.218344445821405,6.326626807701768,8.771197771531844,-11.999986069674884,-11.310365910589272
tuerca23.png,0,tuerca,0,14841.5,473.8305138349533,0.05661582946777344,0.9254502223338932,1.1124368873285846,0.7222141119221411,0.9872613583449744,0.8306950265130751,1,0.2506485193545127,7,0.01477321488509765,0.795441366410418,4.983526876801604,7.059343648901377,8.971065125255347,11.999995543659345,11.600118740520951
tuerca24.png,0,tuerca,0,14882.5,471.83051574230194,0.05677223205566406,0.9215439760591835,1.1229946789414935,0.7178516303299247,0.9890347233759761,0.8400665731182988,1,0.26295985217537376,6,0.012716430582198714,0.7953817441092947,4.868603721249215,7.503017861056994,9.144669871567972,-11.999999705787854,-11.608350266176249
tuerca25.png,0,tuerca,0,16567.5,491.9726492166519,0.06319999694824219,0.9608840805012733,1.0510052578067517,0.7363660607138095,0.9884848304048208,0.860171254072567,1,0.2394748755092802,10,0.020326333213691032,0.7966305861519448,5.131584857674271,6.552896562262378,8.03899900486158,-11.999922367075756,10.596728105802441
tuerca26.png,0,tuerca,0,16151.5,484.17366099357605,0.06161308288574219,0.9456516816280782,1.0562264273683646,0.7578594219219219,0.9898268729891221,0.8658056297987196,1,0.24381636380521932,11,0.02271912102245881,0.7965988855599488,5.339258136098587,6.720929870131778,7.9388928799016965,11.999871188758,10.989497671606939
tuerca27.png,0,tuerca,0,16297.0,488.7594460248947,0.062168121337890625,0.9546082930173725,1.0547327937920412,0.759554436987323,0.9891657309338108,0.8572889023291328,1,0.23470577406884702,9,0.018413966365657904,0.7966747348279718,5.085496134007375,6.260778858373278,8.480509472910859,11.999975255613572,10.98600196290109
tuerca28.png,0,tuerca,0,16593.0,492.9015817642212,0.06329727172851562,0.9626984018832445,1.0532827343155062,0.7486126776449357,0.9897110136888253,0.8582510699541566,1,0.2454046887241608,9,0.01825922320595258,0.7968700028090688,4.909057805222071,7.810536143697537,8.959571911061875,-11.999998115588083,11.850411506272199
tuerca29.png,0,tuerca,0,8614.5,360.77669179439545,0.03286170959472656,0.7046419761609286,1.1098338857917733,0.7256148921832885,0.984176853650177,0.8316929029340638,1,0.1982703581171281,7,0.019402583812119602,0.7954342279198958,5.184424788928957,6.128868390435942,10.394550272506695,-11.99999992777203,-11.968452053090587
tuerca30.png,0,tuerca,0,8596.0,358.3919161558151,0.0327911376953125,0.6999842112418264,1.12,0.7531762025760098,0.9892968120612269,0.8409881190967137,1,0.21201721731037693,6,0.016741449038129054,0.795362633351863,6.562993668327694,6.907369747015576,9.14918603437575,-11.999998006628239,-11.863208622133245
tuerca31.png,0,tuerca,0,8409.0,354.87719678878784,0.032077789306640625,0.6931195249781013,1.101368105657498,0.7355024927840462,0.9840266807091451,0.8390696811176442,1,0.2191699369722916,8,0.022543009447748084,0.7953840391451859,5.643501018096324,6.308206139338935,9.887148376618931,-11.99999955611468,11.988381442401613
tuerca32.png,0,tuerca,0,8642.0,358.5340505838394,0.03296661376953125,0.7002618175465614,1.125702482410453,0.7353641933287951,0.986135676385006,0.8448182960457448,1,0.20967368664660957,7,0.019523947554217373,0.7955632120926117,5.482690104551574,6.66451922953231,10.060062364417941,-11.999999899821463,11.964527549329706
tuerca33.png,0,tuerca,0,8398.5,351.11983716487885,0.03203773498535156,0.685780931962654,1.0891393729218986,0.7417859035506095,0.9867238442107736,0.8560534023914097,1,0.2573078525927249,9,0.02563227436157012,0.7958055569275673,4.670943198805984,5.684740543920613,8.240987985019862,11.99985622908168,11.120898390640068
tuerca34.png,0,tuerca,0,8375.5,360.91882967948914,0.03194999694824219,0.7049195892177522,1.1069083680627907,0.7050084175084175,0.9807377049180328,0.8079817028850035,1,0.2693570533102501,7,0.019394942641857423,0.7956672305964129,6.296731022346006,6.418862732740816,8.743887387214498,-11.999998039878855,11.746163656132547
tuerca35.png,0,tuerca,0,8358.0,356.1909062862396,0.03188323974609375,0.6956853638403118,1.1172884039739979,0.730083857442348,0.9825427614177393,0.8278403216131462,1,0.2561617611868868,8,0.022459865928107375,0.7954623329855754,5.032178633409531,7.148215080943106,8.275223711189335,11.99995635534684,10.912268430965709
tuerca36.png,0,tuerca,0,7925.5,345.94826555252075,0.030233383178710938,0.6756802061572671,1.1196124194648887,0.7194535221496006,0.9847788270377733,0.832174146388454,1,0.2694467226042521,8,0.023124844945307192,0.7954881775188295,5.62619546572148,7.205627414113852,8.866610593194991,11.999994594035867,11.564761038345583
tuerca37.png,0,tuerca,0,10750.5,397.7472538948059,0.04100990295410156,0.7768501052632928,1.0787402606072956,0.7419254658385093,0.9860130239383655,0.8539336895376408,1,0.2110134412352914,9,0.02262743466327054,0.795883645139795,5.015661856196616,7.671821473642664,8.3475168892428,-11.9999811622799,11.414532333539146
tuerca38.png,0,tuerca,0,10648.0,397.1614679098129,0.040618896484375,0.7757059920113534,1.0719063823593156,0.7333333333333333,0.9841035120147874,0.848288720113733,1,0.2101803155522164,9,0.022660808580865936,0.7959871901979607,5.108433419154106,6.533842737279755,8.253536017933566,11.999930333021496,10.805601775098527
tuerca39.png,0,tuerca,0,10918.0,406.47517573833466,0.04164886474609375,0.7938968276139349,1.1203009282235732,0.716122261576807,0.9858684364982617,0.8303953316903515,1,0.20727239421139404,8,0.019681398711418333,0.795390948986986,5.143743515744321,6.7064299683979245,9.015344257827486,11.999998187471977,11.446028448019913
tuerca40.png,0,tuerca,0,10787.0,402.8183218240738,0.041149139404296875,0.7867545348126441,1.123660061286474,0.725517890772128,0.9855641845591594,0.8353954607241851,1,0.20292945211829053,7,0.01737756110075144,0.7955515182845743,5.423382489725941,9.786910066734196,8.442848558487567,11.999998947325292,11.103271188070456
